<photos>
	<photo src="dot.jpg" url="http://google.com" />
	<photo src="dot.jpg" url="http://google.com" />
	<photo src="dot.jpg" url="http://google.com" />
	<photo src="dot.jpg" url="http://google.com" />
	<photo src="dot.jpg" url="http://google.com" />
	<photo src="dot.jpg" url="http://google.com" />
	<photo src="dot.jpg" url="http://google.com" />
	<photo src="dot.jpg" url="http://google.com" />
	<photo src="dot.jpg" url="http://google.com" />
	<photo src="dot.jpg" url="http://google.com" />
	<photo src="dot.jpg" url="http://google.com" />
	<photo src="dot.jpg" url="http://google.com" />
	<photo src="dot.jpg" url="http://google.com" />
	<photo src="dot.jpg" url="http://google.com" />
	<photo src="dot.jpg" url="http://google.com" />
	<photo src="dot.jpg" url="http://google.com" />
	<photo src="dot.jpg" url="http://google.com" />
</photos>
