<photos>
	<photo src="photos/00.jpg" url="" />
	<photo src="photos/01.jpg" url="" />
	<photo src="photos/02.jpg" url="" />
	<photo src="photos/03.jpg" url="" />
	<photo src="photos/04.jpg" url="" />
	<photo src="photos/05.jpg" url="" />
	<photo src="photos/06.jpg" url="" />
	<photo src="photos/07.jpg" url="" />
	<photo src="photos/08.jpg" url="" />
	<photo src="photos/09.jpg" url="" />
	<photo src="photos/10.jpg" url="" />
	<photo src="photos/11.jpg" url="" />
	<photo src="photos/12.jpg" url="" />
	<photo src="photos/13.jpg" url="" />
	<photo src="photos/14.jpg" url="" />
	<photo src="photos/15.jpg" url="" />
	<photo src="photos/16.jpg" url="" />
	<photo src="photos/17.jpg" url="" />
	<photo src="photos/18.jpg" url="" />
	<photo src="photos/19.jpg" url="" />
	<photo src="photos/20.jpg" url="" />
	<photo src="photos/21.jpg" url="" />
	<photo src="photos/22.jpg" url="" />
	<photo src="photos/23.jpg" url="" />
	<photo src="photos/24.jpg" url="" />
	<photo src="photos/25.jpg" url="" />
	<photo src="photos/26.jpg" url="" />
	<photo src="photos/27.jpg" url="" />
	<photo src="photos/28.jpg" url="" />
	<photo src="photos/29.jpg" url="" />
</photos>
